Country,A/HRC/RES/31/1,A/HRC/RES/31/4,A/HRC/RES/31/11,A/HRC/RES/31/17,A/HRC/RES/31/19,A/HRC/RES/31/22,A/HRC/RES/31/30,A/HRC/RES/31/32,A/HRC/RES/31/34,A/HRC/RES/31/35,A/HRC/RES/31/36,A/HRC/RES/31/37,A/HRC/RES/32/2,A/HRC/RES/32/9,A/HRC/RES/32/12,A/HRC/RES/32/23,A/HRC/RES/32/25,A/HRC/RES/32/26,A/HRC/RES/32/28,A/HRC/RES/32/29,A/HRC/RES/32/31,A/HRC/RES/33/3,A/HRC/RES/33/4,A/HRC/RES/33/10,A/HRC/RES/33/14,A/HRC/RES/33/19,A/HRC/RES/33/21,A/HRC/RES/33/23,A/HRC/RES/33/24,A/HRC/RES/33/30,A/HRC/RES/S-25/1
ALB,0,0,0,1,1,0,0,1,1,0,0,1,1,0,0,0,1,1,0,1,1,0,0,1,0,1,1,1,1,1,1
ARE,1,1,1,1,1,1,1,0,1,1,1,0,0,1,1,1,1,0,1,0,0,1,1,1,1,0,1,1,0,1,1
BDI,1,1,1,0,0,1,1,0,1,1,1,0,0,1,1,1,0,0,1,0,0,1,1,1,1,0,0,0,0,1,0
BEL,0,0,0,1,1,0,0,1,1,1,0,1,1,0,0,0,1,1,0,1,1,0,0,1,0,1,1,1,1,1,1
BGD,1,1,1,0,0,1,1,1,1,1,1,0,0,1,1,1,0,0,1,0,1,1,1,1,1,0,1,0,0,1,0
BOL,1,1,1,0,0,1,1,0,1,1,1,0,1,1,1,1,0,0,1,0,0,1,1,1,1,0,1,0,0,1,0
BWA,1,1,1,1,1,1,1,1,0,0,1,1,0,1,1,1,1,0,1,0,1,1,1,1,1,1,1,1,0,1,1
CHE,0,0,0,1,1,0,0,1,1,1,1,1,1,0,1,0,1,1,0,1,1,0,0,1,0,1,1,1,1,1,1
CHN,1,1,1,0,0,1,1,0,1,1,1,0,0,1,1,1,0,0,1,0,0,1,1,1,1,0,0,0,0,1,0
CIV,1,1,1,1,0,1,1,1,1,0,1,1,0,1,1,1,1,0,1,1,1,1,1,1,1,1,1,1,0,1,1
COG,1,1,1,0,0,1,1,1,1,0,1,3,0,1,1,1,0,0,1,0,0,1,1,1,1,0,1,0,0,1,0
CUB,1,1,1,0,0,1,1,0,1,1,1,0,1,1,1,1,0,0,1,0,0,1,1,1,1,0,1,0,0,1,0
DEU,0,0,0,1,1,0,0,1,1,0,0,1,1,0,0,0,1,1,0,1,1,0,0,1,0,1,1,1,1,1,1
DZA,1,1,1,0,0,1,1,1,1,1,1,1,0,1,1,1,0,0,1,0,1,1,1,1,1,0,1,0,0,1,0
ECU,1,1,1,0,0,1,1,1,1,1,1,1,1,1,1,1,0,0,1,1,1,1,1,1,1,1,1,0,0,1,0
ETH,1,1,1,0,0,1,1,1,1,0,1,1,0,1,1,1,0,0,1,0,0,1,1,1,1,0,1,0,0,1,0
FRA,0,0,0,1,1,0,0,1,1,1,0,1,1,0,0,0,1,1,0,1,1,0,0,1,0,1,1,1,1,1,1
GBR,0,0,0,1,1,0,0,1,1,0,0,1,1,0,0,0,1,1,0,1,1,0,0,1,0,1,1,1,1,1,1
GEO,0,0,0,1,3,0,0,1,1,0,0,1,1,0,0,0,1,0,0,1,1,0,0,1,0,1,1,1,1,1,1
GHA,1,1,1,1,0,1,1,1,0,0,0,1,0,1,1,1,1,0,1,1,1,1,0,1,1,1,1,1,1,1,0
IDN,1,1,1,0,0,1,1,1,1,1,1,1,0,1,1,1,0,0,1,0,1,1,1,1,1,0,1,0,0,1,0
IND,1,1,1,0,0,1,1,1,1,0,1,1,0,1,1,1,0,0,1,0,1,1,1,1,1,0,0,0,0,1,0
KEN,1,1,1,0,0,1,1,0,1,1,1,1,0,1,1,1,0,0,1,0,0,0,1,0,1,0,1,0,0,1,0
KGZ,1,1,1,0,0,1,0,1,1,1,1,1,0,1,0,1,0,0,1,0,0,1,1,0,1,0,1,0,0,0,0
KOR,0,0,0,1,1,0,0,1,1,0,0,1,1,0,1,0,1,1,0,1,1,0,0,1,0,1,1,1,1,1,1
LVA,0,0,0,1,1,0,0,1,1,0,0,1,1,0,0,0,1,1,0,1,1,0,0,1,0,1,1,1,1,1,1
MAR,1,1,1,1,0,1,1,1,1,1,1,1,0,1,0,1,1,0,1,0,1,1,1,1,1,1,1,1,0,1,1
MDV,1,1,1,1,0,1,1,1,1,1,1,1,0,1,1,1,1,0,1,0,1,1,1,1,1,1,1,1,0,1,1
MEX,0,1,0,1,1,0,0,1,1,1,1,1,1,0,1,0,1,1,1,1,1,0,0,1,1,1,1,1,1,1,1
MKD,0,0,0,1,1,0,0,1,0,1,0,1,1,0,0,0,1,1,0,1,1,0,0,1,0,1,1,1,1,1,1
MNG,1,1,1,1,0,1,0,1,1,1,1,1,1,1,1,1,1,0,1,0,1,1,1,1,1,1,1,1,1,1,1
NAM,1,1,1,0,0,1,0,0,1,1,1,0,0,1,1,1,0,0,1,0,1,1,1,1,1,1,1,0,0,1,0
NGA,1,1,1,0,0,1,1,0,1,1,1,0,0,1,1,1,0,0,1,1,0,1,1,0,1,0,1,0,0,1,0
NLD,0,0,0,1,1,0,0,1,1,0,0,1,1,0,0,0,1,1,0,1,1,0,0,1,0,1,1,1,1,1,1
PAN,1,1,1,1,1,0,0,1,1,1,1,1,1,1,1,0,1,1,1,1,1,1,1,1,1,1,1,1,1,1,0
PHL,1,1,1,0,0,1,1,1,1,1,1,1,0,1,1,1,0,0,1,1,1,1,1,1,1,1,0,0,0,1,0
PRT,0,0,0,1,1,0,0,1,1,1,0,1,1,0,0,0,1,1,0,1,1,0,0,1,0,1,1,1,1,1,1
PRY,1,1,1,1,1,1,1,1,0,0,0,1,1,1,1,1,1,1,1,1,1,0,1,1,1,1,0,1,1,1,0
QAT,1,1,1,1,1,1,1,0,1,1,1,0,0,1,0,1,1,0,1,0,0,1,1,1,1,1,1,1,0,1,1
RUS,1,1,1,0,0,1,1,0,1,1,1,0,0,1,1,1,0,0,1,0,0,1,1,0,1,0,0,0,0,1,0
SAU,1,1,1,1,1,1,1,0,1,1,1,0,0,1,0,1,1,0,1,0,0,1,1,1,1,0,1,1,0,1,1
SLV,1,1,1,1,1,1,1,0,1,1,1,1,1,1,1,1,1,0,1,0,1,1,1,0,1,1,0,1,1,1,1
SVN,0,0,0,1,1,0,0,1,1,1,0,1,1,0,0,0,1,1,0,1,1,0,0,1,0,1,1,1,1,1,1
TGO,1,1,1,1,0,1,1,1,0,0,0,0,0,1,1,1,1,0,1,1,1,0,1,1,1,1,0,0,0,1,1
VEN,1,1,1,0,0,1,1,0,1,1,1,0,1,1,1,1,0,0,1,0,0,1,1,1,1,0,0,0,0,1,0
VNM,1,1,1,0,0,1,1,0,1,1,1,0,1,1,1,1,0,0,1,0,0,1,1,1,1,0,1,0,0,1,0
ZAF,1,1,1,0,0,1,0,1,1,1,1,0,0,1,1,1,0,0,1,0,0,1,1,1,1,1,1,0,0,1,1
